{
  "3pgt4ld2tjaks": {
    "title": "dsfdf",
    "languages": "sdfsd",
    "worker": "afa",
    "refType": "Бакалавърска дипломна работа",
    "contentUrl": "https://drive.google.com/file/d/1eg9SgtKkZ53SSB7DodIPZIK9l4MMsQKF/view?usp=share_link",
    "recipient": "dafad",
    "classification": "1",
    "refStatus": "Приета"
  },
  "3pg5iwld2tn3cc": {
    "title": "888888888888888",
    "languages": "български,",
    "worker": "Теди",
    "refType": "Бакалавърска дипломна работа",
    "contentUrl": "https://drive.google.com/file/d/1eg9SgtKkZ53SSB7DodIPZIK9l4MMsQKF/view?usp=share_link",
    "recipient": "лалала",
    "classification": "3",
    "refStatus": "Приета"
  },
  "3pg81old2w66ig": {
    "title": "вз",
    "languages": "вз",
    "worker": "вз",
    "refType": "etc",
    "contentUrl": "https://drive.google.com/file/d/1eg9SgtKkZ53SSB7DodIPZIK9l4MMsQKF/view?usp=share_link",
    "recipient": "вз",
    "classification": "1",
    "refStatus": "Взета"
  },
  "3pg9m8ld2xy3xg": {
    "title": "fdgdf",
    "languages": "fdgdf",
    "worker": "fdgd",
    "refType": "bt",
    "contentUrl": "fdgdf",
    "recipient": "fdg",
    "classification": "1",
    "refStatus": "Приета"
  },
  "3pg8qcld2z2hd0": {
    "title": "1111111",
    "languages": "11111111",
    "worker": "1111111",
    "refType": "bt",
    "contentUrl": "1111111",
    "recipient": "111111111",
    "classification": "1",
    "refStatus": "Приета"
  },
  "3pg8dsld300ovk": {
    "title": "33",
    "languages": "333",
    "worker": "33",
    "refType": "bt",
    "contentUrl": "333",
    "recipient": "333",
    "classification": "1",
    "refStatus": "Приета"
  }
}